{
    "tables": {
        "posts": {
            "tableName": "posts",
            "schema": {
                "PostId": {
                    "autoIncrement": true,
                    "primaryKey": true,
                    "allowNull": false,
                    "field": "PostId",
                    "seqType": "Sequelize.INTEGER"
                },
                "PostTitle": {
                    "field": "PostTitle",
                    "seqType": "Sequelize.STRING"
                },
                "PostBody": {
                    "field": "PostBody",
                    "seqType": "Sequelize.STRING"
                },
                "UserId": {
                    "key": "UserId",
                    "model": "users",
                    "field": "UserId",
                    "allowNull": true,
                    "references": {
                        "model": "users",
                        "key": "UserId"
                    },
                    "onDelete": "CASCADE",
                    "onUpdate": "CASCADE",
                    "seqType": "Sequelize.INTEGER"
                },
                "Deleted": {
                    "defaultValue": {
                        "value": false
                    },
                    "field": "Deleted",
                    "seqType": "Sequelize.BOOLEAN"
                },
                "createdAt": {
                    "allowNull": false,
                    "field": "createdAt",
                    "seqType": "Sequelize.DATE"
                },
                "updatedAt": {
                    "allowNull": false,
                    "field": "updatedAt",
                    "seqType": "Sequelize.DATE"
                },
                "userUserId": {
                    "allowNull": true,
                    "references": {
                        "model": "users",
                        "key": "UserId"
                    },
                    "onDelete": "SET NULL",
                    "onUpdate": "CASCADE",
                    "field": "userUserId",
                    "seqType": "Sequelize.INTEGER"
                }
            },
            "indexes": []
        },
        "users": {
            "tableName": "users",
            "schema": {
                "UserId": {
                    "autoIncrement": true,
                    "primaryKey": true,
                    "allowNull": false,
                    "field": "UserId",
                    "seqType": "Sequelize.INTEGER"
                },
                "FirstName": {
                    "field": "FirstName",
                    "seqType": "Sequelize.STRING"
                },
                "LastName": {
                    "field": "LastName",
                    "seqType": "Sequelize.STRING"
                },
                "Username": {
                    "unique": true,
                    "field": "Username",
                    "seqType": "Sequelize.STRING"
                },
                "Password": {
                    "field": "Password",
                    "seqType": "Sequelize.STRING"
                },
                "Email": {
                    "unique": true,
                    "field": "Email",
                    "seqType": "Sequelize.STRING"
                },
                "Admin": {
                    "default": false,
                    "allowNull": true,
                    "field": "Admin",
                    "seqType": "Sequelize.BOOLEAN"
                },
                "Deleted": {
                    "defaultValue": {
                        "value": false
                    },
                    "field": "Deleted",
                    "seqType": "Sequelize.BOOLEAN"
                },
                "createdAt": {
                    "allowNull": false,
                    "field": "createdAt",
                    "seqType": "Sequelize.DATE"
                },
                "updatedAt": {
                    "allowNull": false,
                    "field": "updatedAt",
                    "seqType": "Sequelize.DATE"
                }
            },
            "indexes": []
        }
    },
    "revision": 6
}